(no author) = no author <devnull@mit.edu>
amb = Andrew Boardman <amb@mit.edu>
aseering = Adam Seering <aseering@mit.edu>
austinj = austinj <austinj@mit.edu>
bjaspan = Barry Jaspan <bjaspan@mit.edu>
chaoself = Tom Yu <tlyu@mit.edu>
coffman = Kevin Coffman <kwc@citi.umich.edu>
dalmeida = Danilo Almeida <dalmeida@mit.edu>
danw = Dan Winship <danw@mit.edu>
don = Donald Davis <don@mit.edu>
edg = edg <edg@mit.edu>
eichin = Mark Eichin <eichin@mit.edu>
epeisach = Ezra Peisach <epeisach@mit.edu>
ghudson = Greg Hudson <ghudson@mit.edu>
gjking = Geoffrey King <gjking@mit.edu>
grier = grier <grier@mit.edu>
haoqili = HaoQi Li <haoqili@mit.edu>
hartmans = Sam Hartman <hartmans@mit.edu>
jaltman = Jeffrey Altman <jaltman@secure-endpoints.com>
jander = Justin Anderson <jander@mit.edu>
jcalz = Joseph Calzaretta <jcalz@mit.edu>
jcb = Jeff Bigler <jcb@mit.edu>
jenselby = Jen Selby <jenselby@mit.edu>
jfc = John Carr <jfc@mit.edu>
jgilmore = John Gilmore <gnu@toad.com>
jik = Jonathan Kamens <jik@mit.edu>
jon = Jon Rochlis <jon@mit.edu>
jtkohl = John Kohl <jtkohl@mit.edu>
keithv = Keith Vetter <keithv@fusion.com>
kenh = Ken Hornstein <kenh@cmf.nrl.navy.mil>
klmitch = Kevin Mitchell <klmitch@mit.edu>
kpkoch = Kevin Koch <kpkoch@mit.edu>
lhoward = Luke Howard <lukeh@padl.com>
lxs = Alexandra Ellwood <lxs@mit.edu>
marc = Marc Horowitz <marc@mit.edu>
mdh = Matthew Hancher <mdh@mit.edu>
meeroh = Miro Jurisic <meeroh@mit.edu>
mitchb = Mitchell Berger <mitchb@mit.edu>
mjv = Marshall Vale <mjv@mit.edu>
nlgilman = Nancy Gilman <nlgilman@mit.edu>
pbh = Paul Hill <pbh@mit.edu>
pjpark = Paul Park <pjpark@mit.edu>
plitwack = Peter Litwack <plitwack@mit.edu>
prb = Paul Borman <prb@mit.edu>
probe = Richard Basch <probe@mit.edu>
proven = Chris Provenzano <proven@mit.edu>
pshuang = Ping Huang <pshuang@mit.edu>
qjb = E. Jay Berkenbilt <qjb@mit.edu>
raeburn = Ken Raeburn <raeburn@mit.edu>
relyea = Robert Relyea <relyea@mit.edu>
rra = Russ Allbery <rra@stanford.edu>
rsavitha = Savitha R <rsavitha@mit.edu>
shanzer = Michael Shanzer <shanzer@mit.edu>
smcguire = Scott McGuire <smcguire@mit.edu>
steiner = Jennifer Steiner <steiner@mit.edu>
tlyu = Tom Yu <tlyu@mit.edu>
tritan = Wilfredo Sanchez <tritan@mit.edu>
tsitkova = Zhanna Tsitkov <tsitkova@mit.edu>
tytso = Theodore Tso <tytso@mit.edu>
vanharen = Chris VanHaren <vanharen@mit.edu>
wesommer = Bill Sommerfeld <wesommer@mit.edu>
wfiveash = Will Fiveash <will.fiveash@oracle.com>
yak = Brad Thompson <yak@mit.edu>
